author,content,country,date_time,id,language,latitude,longitude,number_of_likes,number_of_shares
katyperry,sisters. https://t.co/5ZE21x2aNk,,27/12/2016 04:04,8.13596E+17,en,,,9324,2637
katyperry,I wanna adopt him ILHSM https://t.co/5Sr9wHnIEY,,07/12/2016 02:35,8.06326E+17,en,,,6745,1868
katyperry,Fully https://t.co/Iii4a58tPN,,06/12/2016 09:52,8.06074E+17,en,,,4473,1226
katyperry,"Heading into my family ğŸ¦ƒ-Day, I'm mindful about building a bridge thru peaceful convo. Try this guide from @nytimes: https://t.co/mzBbNw1ZHD",,23/11/2016 22:16,8.0155E+17,en,,,7340,2025
katyperry,Caught a big one this week ğŸ£ ...,,19/11/2016 08:23,7.99891E+17,en,,,13734,4721
katyperry,Confused? Overwhelmed? Here's the brief you need to get the gist: https://t.co/4dwGgeRwMT,,14/11/2016 17:34,7.98218E+17,en,,,9516,2613
katyperry,WE WILL NEVER BE SILENCED. #LOVETRUMPSHATE,,09/11/2016 08:13,7.96264E+17,en,,,44808,22630
katyperry,WE WILL NEVER BE SILENCED.  https://t.co/Co4CYBXg8j,,09/11/2016 05:43,7.96227E+17,en,,,39792,20914
katyperry,If hell had a smell it would be used dental floss and earring backs. ğŸ˜·,,08/11/2016 04:00,7.95838E+17,en,,,14043,3524
katyperry,My name is ğŸ¶ Nugget ğŸ¶ and I approve this message. GO âœ”OTEâ—Find out where: https://t.co/rL2nZQ97cd https://t.co/qgoUYddQaC,,07/11/2016 17:38,7.95682E+17,en,,,20789,6894
katyperry,@KatyCute_ this edit lol,,23/10/2016 06:54,7.90084E+17,en,,,2261,554
katyperry,@DanielaR1205 vitamins,,23/10/2016 06:28,7.90077E+17,pt,,,1938,503
katyperry,Using our voices â¤ï¸ğŸ™ŒğŸ¼ https://t.co/FvX6dfl7lJ,,23/10/2016 01:32,7.90003E+17,en,,,12775,4377
katyperry,@wtvrlara omg let me live I'm out preaching the good news bb,,23/10/2016 01:22,7.9E+17,en,,,1773,557
katyperry,He doth protest much... https://t.co/pIbxvqtl0E,,20/10/2016 01:35,7.88917E+17,en,,,4043,984
katyperry,Throwing rose petals at the club. ğŸŒ¹,,14/10/2016 07:59,7.86839E+17,en,,,13398,3874
katyperry,Investing in girls helps them build better lives and creates a more peaceful and prosperous world for ALL. RT if yoâ€¦ https://t.co/mweKT8UJeK,,11/10/2016 17:05,7.85889E+17,en,,,21402,9178
katyperry,There's a few brains I would like to see science dissect after full utilization and @Sia's should be one of them. ILYSM â¤ï¸,,10/10/2016 04:29,7.85336E+17,en,,,17183,5335
katyperry,YES THIS â¤µï¸ https://t.co/2VTRjE18I9,,10/10/2016 02:39,7.85309E+17,en,,,4255,985
katyperry,MY HEART GOES ON,,10/10/2016 02:34,7.85307E+17,en,,,6459,2170
katyperry,I notice these are not built in mics tonight...PLEASE DROP THE MIC TONIGHT HILL! ğŸ¤â¤µï¸ @HillaryClinton #DROPTHEMICHRC #debates,,10/10/2016 02:02,7.85299E+17,en,,,6745,1787
katyperry,RT IF YOU ARE YELLING AT THE TV RIGHT NOW. #debates,,10/10/2016 01:45,7.85295E+17,en,,,14952,9551
katyperry,"In a world driven by fear @DollyParton makes me feel safe, pure and simple. â¤ï¸",,02/10/2016 08:04,7.82491E+17,en,,,15903,3523
katyperry,"Today, on #VoterRegistrationDay, I, @funnyordie and @rockthevote invite you to... #IRegistered https://t.co/6kscHoRa0k",,27/09/2016 12:03,7.8074E+17,en,,,33155,13915
katyperry,". @sallykohn sorry, meditation. I can't even spell anymore #debates",,27/09/2016 02:16,7.80592E+17,en,,,4414,973
katyperry,It's a #Debates drinking game for sure ğŸ·ğŸ¸ğŸºğŸ¾ https://t.co/0hjPbm6Yuu,,27/09/2016 02:04,7.80589E+17,en,,,5403,1367
katyperry,. @akaruikaty cause you can't have fun if you don't feel safe bb ğŸ’ğŸ»,,25/09/2016 06:44,7.79935E+17,en,,,6244,1317
katyperry,"I agree w/all besides part about the intentions of both candidates. Well spoken KKW, we must feel safe to askâ“'s ğŸ‘ğŸ¼! https://t.co/Td5XEoHgpL",,25/09/2016 04:31,7.79901E+17,en,,,12636,2955
katyperry,"AYE, ERRYONE! LISTEN TO THIS CHUNE! (gonna sprain a hip at some point this weekendğŸ‘£ğŸ’ƒğŸ»ğŸ‘£) https://t.co/IpwrqGTYqZ",,23/09/2016 23:42,7.79466E+17,en,,,8826,2395
katyperry,@ChrisAnokute @zaralarsson been watching it from fetus ğŸ‘€â¤ï¸,,21/09/2016 22:16,7.7872E+17,en,,,3647,1394
katyperry,@HoliestKaty iconic,,18/09/2016 07:39,7.77412E+17,en,,,2760,906
katyperry,@Iegendarylovers @KatysMyHabibi @katystumblrr yeah mines in the mail,,18/09/2016 07:16,7.77406E+17,en,,,1997,566
katyperry,I no longer subscribe to organized religion but I believe in @chancetherapper ğŸ™ğŸ¼,,18/09/2016 05:19,7.77376E+17,en,,,16890,4201
katyperry,idc about followers but I hope this one gets me to 56 milly on ig cause my ocd is flaring https://t.co/OBKPpqDjhc,,17/09/2016 10:05,7.77086E+17,en,,,10619,2799
katyperry,@KeoNovak ilysm,,17/09/2016 06:00,7.77024E+17,fr,,,2164,630
katyperry,@greg_wells watch zeitgeist,,15/09/2016 08:09,7.76332E+17,de,,,2281,707
katyperry,@blurryhface SO MUCH,,10/09/2016 21:41,7.74725E+17,en,,,8817,3956
katyperry,@legendarymalek crap I meant *don't. I hate typos.,,10/09/2016 21:39,7.74724E+17,en,,,2894,816
katyperry,@DJ_Summers1999 yeah sorry,,10/09/2016 21:00,7.74714E+17,en,,,3460,861
katyperry,FrIdAy StUdIo ViBeZ ğŸ¸ https://t.co/PYLgMFzUKg,,10/09/2016 03:47,7.74454E+17,en,,,23311,7827
katyperry,"I was so inspired by @OnePulseTony story &amp; strength that I had to meet him, here's a preview https://t.co/SDisjkbUmu https://t.co/lC9EpqRkep",,08/09/2016 20:52,7.73987E+17,en,,,16294,5472
katyperry,@katysmoonlight I must have been inspired from your hair...,,05/08/2016 09:23,7.61493E+17,en,,,3445,882
katyperry,"ALSO, you can watch the video in its entirety again on NBCâ€™s Rio Olympics Preview Special TONIGHT in the 8 pm ET/PT hour ğŸ“º #Rio2016",,05/08/2016 00:28,7.61358E+17,en,,,16970,5837
katyperry,"Through the blood, sweat (lots of it), and tears, we keep rising ğŸ’ªğŸ¼ Finally, my new video for #RISE: https://t.co/ReySW4J9dW",,05/08/2016 00:04,7.61352E+17,en,,,35906,15595
katyperry,@truebluedeluxe going to sleep now bb â¤ï¸,,29/07/2016 10:08,7.58967E+17,en,,,3503,1004
katyperry,@sella_sandra I love y'all's deep dives,,29/07/2016 09:45,7.58962E+17,en,,,2299,695
katyperry,@TheoLagu https://t.co/3LCMO8YrbH,,23/07/2016 07:52,7.56759E+17,und,,,3321,991
katyperry,@jesuskylie don't be a desp,,23/07/2016 07:39,7.56756E+17,en,,,2317,631
katyperry,@HolyErotica coming next week BUB,,23/07/2016 07:38,7.56755E+17,en,,,2266,621
katyperry,@GraceOfKaty Gold,,23/07/2016 07:35,7.56755E+17,en,,,2307,659
katyperry,@katrieber @Chillinlaidback that nose hole tho,,23/07/2016 06:31,7.56739E+17,en,,,1882,582
katyperry,"@etnaD_olegnaD I've been following you for years. Unforgettable expressions. Q tho, whut is ""RAMEN""",,15/07/2016 19:30,7.54035E+17,en,,,4078,1357
katyperry,@perfectlyperry I need that guys @ I have been living for him since fetus,,15/07/2016 19:11,7.54031E+17,en,,,3953,1370
katyperry,#RISE and shine: https://t.co/ToeZNtE4rE,,15/07/2016 15:00,7.53968E+17,en,,,18188,8005
katyperry,No better time than now.  https://t.co/Vz4l9tKji8,,15/07/2016 05:14,7.5382E+17,en,,,10989,4157
katyperry,@thedollsftkaty Peter Pan syndrome,,15/07/2016 05:11,7.53819E+17,en,,,4068,1634
katyperry,"ğŸŒğŸ¶ğŸš¨SONG OF THE SUMMER ALERTğŸš¨ğŸ¶ ğŸŒ Check out my boy, @FERRAS new chune CLOSER available now onâ€¦ https://t.co/CrTNCSZcDy",,24/06/2016 04:45,7.46203E+17,en,,,8783,2750
katyperry,Get a dad that can do it allâ—ï¸https://t.co/wgjEROle5M,,20/06/2016 18:36,7.44962E+17,en,,,10699,3223
katyperry,what a legend. #cindysherman https://t.co/6cIOVSOIxb,,09/06/2016 06:48,7.40798E+17,en,,,9859,3046
katyperry,and you thought I was gonna take a selfie with it on my lips ğŸ‡ºğŸ‡¸ https://t.co/JrdwGaXFxK,,08/06/2016 01:09,7.4035E+17,en,,,10824,3280
katyperry,Instead of giving energy &amp; eyeballs to  dumb conspiracy ğŸš® check out how CğŸ‘ğŸ‘L this is: https://t.co/ClmGlPMz3x #dontfeedthebeast,,12/05/2016 23:21,7.30901E+17,en,,,18527,7923
katyperry,"lil bit country, lil bit pop! 

#outdreamingmydreamsonebyone #ILYSMDolly https://t.co/NYfy5kEYiH",,04/04/2016 05:19,7.16858E+17,en,,,14790,4633
katyperry,"RT if anyone else used to think it was ""dog chow"" instead of ""Dark Child"" before every early 2000's R&amp;B song on the radio @getglucky",,30/03/2016 01:24,7.14987E+17,en,,,17279,5561
katyperry,"Thank U for creating the BEST way to stay connected worldwide ğŸ‘ŠğŸ» Also, can we hv an edit button now pls? #typoqueen  https://t.co/VnHvk74qi3",,22/03/2016 00:09,7.12069E+17,en,,,15469,6440
katyperry,Who needs a lighter when ya thighs so thick they rub together n' make fire ğŸ˜‘ #holidays,,29/12/2015 00:26,6.81632E+17,en,,,32781,16139
katyperry,"...For example, Santa Barbara Katy is actually what I wear in Santa Barbara - hippie linen flow #AppStoreChat",,18/12/2015 22:39,6.77981E+17,en,,,8249,3129
katyperry,"Ha! Pulling the tech curtain aside to tell you it's just a random name generator, but makes me LOL every time. https://t.co/I9nrrD5asL",,18/12/2015 22:37,6.77981E+17,en,,,6666,2465
katyperry,.@AppStoreGames My thumbs are ready! Are yours? ğŸ‘ğŸ¼ğŸ‘ğŸ¼,,18/12/2015 22:05,6.77973E+17,en,,,6129,2518
katyperry,"Set your time machine to 2015, bb! https://t.co/TkvruB0SNa",,17/12/2015 03:18,6.77327E+17,en,,,9818,4262
katyperry,"â€¦and being as itâ€™s the coziest time of year, curl up with #KatyPerryPop to play your way up the charts &amp; take stages all over the world!",,15/12/2015 20:11,6.76857E+17,en,,,10840,4742
katyperry,â˜€ï¸â›„ï¸ğŸ’¦ https://t.co/8fCcsmiNvQ https://t.co/dvbWHCYurc,,18/11/2015 20:09,6.67072E+17,und,,,9328,4125
katyperry,"That awkward moment when you're trying to catch the bus to the Claus party, and some people thinkâ€¦ https://t.co/8tlQEZdrtO",,17/11/2015 20:04,6.66709E+17,en,,,11355,4777
katyperry,sounds right  https://t.co/vG4Z6CgN1W,,10/11/2015 22:12,6.64204E+17,en,,,9874,4257
katyperry,"#Repost hillaryclinton 
Supporting a supporter, Noah from Iowa. #volunteer #getinvolved -Katy https://t.co/Frm0CdUvkJ",,24/10/2015 23:45,6.58067E+17,en,,,7464,3193
katyperry,"Jake-
My sweet, sensitive soul. 
What a wonderful journey and friendship we had together. Whatâ€¦ https://t.co/emDptVTbc3",,24/10/2015 06:54,6.57812E+17,en,,,14005,7456
katyperry,ONE. LAST. TIME.ğŸ‘ŠğŸ¼#ThePrismaticWorldTour #151,,19/10/2015 02:55,6.5594E+17,en,,,17481,9770
katyperry,"â¤ï¸lil ninÃ£ â¤ï¸ @ Uros Floating Islands, Lake Titicaca, Peru https://t.co/5DjPutK3U1",,09/10/2015 00:34,6.52281E+17,da,,,7775,3606
katyperry,ğŸ‘½going homeğŸ‘½ ancientaliens_ #gateofthegods https://t.co/x7fnGuuCtP,,08/10/2015 03:22,6.51961E+17,en,,,8979,4207
katyperry,Smoking Cristos &amp; pondering life with Francis Mallman after consuming the best meal I've ever had...â€¦ https://t.co/8LmaXA2qK8,,03/10/2015 04:38,6.50168E+17,en,,,10552,4857
katyperry,@ravensuxx YAS ya herd,,28/09/2015 07:49,6.48404E+17,es,,,4164,1662
katyperry,"Do llamas produce milk, and if they do could it feasibly be made into cheese, and if so, does thatâ€¦ https://t.co/PUSNOyCD1E",,26/09/2015 02:51,6.47604E+17,en,,,9618,4613
katyperry,"Eating chicken nugs, drinking red wine &amp; watching #screamqueens because that's how I after partyâ€¦ https://t.co/Uq6kUNHtDP",,23/09/2015 04:58,6.46549E+17,en,,,15978,7938
katyperry,Get the paints out ğŸ¨ #nyfw https://t.co/OoLbNuPAOM,,15/09/2015 06:25,6.43672E+17,en,,,8773,4181
katyperry,Ayyyye pink dolphin what's good?!@aeschleahd https://t.co/xUPgTrZIfx,,11/09/2015 03:34,6.42179E+17,en,,,9402,4440
katyperry,when you hand burning man the aux chord ğŸ”¥ https://t.co/G8exAE0yps,,07/09/2015 08:59,6.40812E+17,en,,,9528,4308
katyperry,ğŸ”¥obvious first time burner alertğŸ”¥ https://t.co/TywV2idd9E,,06/09/2015 08:10,6.40437E+17,en,,,10992,5004
katyperry,My fav piece by Charles Ray @whitneymuseum https://t.co/7lKJfYJno8,,29/08/2015 00:30,6.37422E+17,en,,,7445,3272
katyperry,"ğŸ‘€PEEK-A-BOO! ğŸ‘€ 
ğŸ‘ƒğŸ¼                        ğŸ‘ƒğŸ¼
ğŸ’‹                        ğŸ’‹
The Icons issue shotâ€¦ https://t.co/zgRomOpsdS",,12/08/2015 13:28,6.31457E+17,en,,,9609,4511
katyperry,Ya know yer sanging good when ya lose yer balance &amp; fall over in the vocal booth          ğŸ„ğŸ¶ğŸ™ğŸ¼ğŸ¶ğŸ„,,08/08/2015 03:30,6.29857E+17,en,,,17364,8013
katyperry,VOGUE ğŸ‡¯ğŸ‡µJAPANğŸ‡¯ğŸ‡µ #septemberissue @voguejp Tap for credits ğŸ’‹ https://t.co/naDdAnyNw2,,28/07/2015 20:42,6.26131E+17,en,,,9042,4488
katyperry,#normcore,,14/07/2015 06:45,6.20846E+17,und,,,9687,4770
katyperry,ğŸ™ğŸ¼ok fine I'll go back to churchğŸ™ğŸ¼ @ Sanctuary Santorini https://t.co/7CdABuT266,,21/06/2015 06:26,6.12507E+17,en,,,8326,3760
katyperry,THERE'S MADNESS IN THE AIR! @katyperrypopup #MADPOTION! âœ¨ğŸ”®âš¡ï¸ http://t.co/FV6XOnetuI,,19/06/2015 21:45,6.12013E+17,en,,,15414,9648
katyperry,"ğŸ“¢ğŸ‘­MY BESTIE WROTE A BOOK ABOUT THE SUBJECT SHE KNOWS BESTğŸ‘­ğŸ“¢ A Tale of Two Besties, out today: http://t.co/ebzo56TLt4 http://t.co/K0LuRxfe6T",,12/05/2015 14:47,5.98137E+17,en,,,12427,5742
katyperry,ğŸ”ONLY IN TOKYOğŸ” @ Taco Bell https://t.co/B5XpgkjhHY,,26/04/2015 12:50,5.9231E+17,en,,,12688,5719
katyperry,Krafts on Krafts on Krafts https://t.co/7SpX2ezt41,,12/04/2015 18:45,5.87326E+17,de,,,10146,5218
katyperry,Show #129 tonight in Stockholm...Last show of Europe leg...Can't believe how far we've come...due for a nap but before I do Imma drop some ğŸ”¥,,22/03/2015 19:21,5.79724E+17,en,,,13624,6811
katyperry,"""Are you generally a happy man? All the time. What makes you happy? The whole world"" 

Same. @â€¦ https://t.co/z64Vzx3LNr",,19/03/2015 19:51,5.78645E+17,en,,,9108,4696
katyperry,SANTIAGO! R U ready 4 #ThePrismaticWorldTour? Pre-sale starts Mar 20 at 10a. I will see you at Pista Atletica Oct 6! http://t.co/bZYi1jwaBW,,19/03/2015 12:46,5.78538E+17,en,,,10636,6894
katyperry,Getting my foot cupped cause: ğŸ‘ fashion weekğŸ‘ ğŸ™ http://t.co/qO8QPKD2dU,,09/03/2015 16:17,5.74967E+17,en,,,15177,6369
katyperry,Me every day ğŸ™ http://t.co/dG7CL3etsD,,05/03/2015 13:54,5.73482E+17,en,,,21044,10139
katyperry,HBD to my flawless friend @rihanna may I bestow this gift of beautiful fan art of us embracing in aâ€¦ http://t.co/qT1YdsKj4Q,,21/02/2015 00:53,5.68937E+17,en,,,12047,7992
katyperry,"Fashion! = adorable Giambattista Valli set and Chanel earrings ğŸ˜ Third time, and it's still a charm, @ELLEmagazine! http://t.co/5kebJA6VQh",,03/02/2015 17:11,5.6266E+17,en,,,23951,10404
katyperry,#FBF to that one time I was hanging out in the Seahawks' locker room... http://t.co/zHnOVeTavk,,31/01/2015 05:58,5.61403E+17,en,,,10962,4884
katyperry,BILLBOARD. On stands tomorrow! â¤ï¸ğŸ‡ºğŸ‡¸ğŸˆâ¤ï¸ğŸ‡ºğŸ‡¸ğŸˆâ¤ï¸ğŸ‡ºğŸ‡¸ğŸˆ http://t.co/b8FOxwwvvH,,31/01/2015 05:42,5.61399E+17,en,,,11830,5450
katyperry,What I don't have in thigh gap-ness I make up in eyebrow arch ğŸ’,,30/01/2015 20:58,5.61267E+17,en,,,34199,17458
katyperry,My dream for after SB is to have a procession of chilled Girl Scout thin mint cookies brought to me by Girl Scouts w/sparklers a la da club.,,25/01/2015 01:58,5.59168E+17,en,,,14728,6733
katyperry,"Having a great rehearsal, hope everyone has a great Friday!!! #ğŸˆ http://t.co/q1nfp53xLm",,24/01/2015 03:51,5.58834E+17,en,,,24070,9911
katyperry,V important puppy bowl meeting ğŸ¶ğŸˆ http://t.co/6S9fdfyMG0,,23/01/2015 05:47,5.58501E+17,en,,,10440,4924
katyperry,Wore my slides to a FASHUN party tonight because @ITSJEREMYSCOTT ğŸ’ http://t.co/xAbP8q5KZn,,23/01/2015 04:35,5.58483E+17,en,,,20418,7584
katyperry,Science says ğŸ™ http://t.co/QX8VMelwMi,,12/01/2015 21:15,5.54749E+17,en,,,14977,8094
katyperry,If Sophia Grace plays her new trap hit at Coachella... I'll go. cc @yungskeeter @sofifii,,07/01/2015 21:13,5.52936E+17,en,,,12272,5502
katyperry,Ok! http://t.co/gpqdCaGtb5,,01/01/2015 04:41,5.50512E+17,und,,,20069,10204
katyperry,"I got so many mophies and lash glue for everyone. Come at me 2015, I'm ready.",,01/01/2015 01:33,5.50465E+17,en,,,12485,5999
katyperry,Reflective.,,01/01/2015 00:28,5.50448E+17,en,,,12824,7772
katyperry,Nothing says I love you like a bowl of spaghetti bolognese ğŸ,,23/12/2014 09:13,5.47319E+17,en,,,16496,9389
katyperry,hi http://t.co/dj6gCb0otn,,17/12/2014 07:53,5.45125E+17,und,,,10276,6454
katyperry,"One of the most beautiful, vulnerable, REAL things I have ever seen, spoken like a proverb @Beyonce http://t.co/4aYt0CZ7rQ",,12/12/2014 15:50,5.43433E+17,en,,,11227,7472
katyperry,"SYDNEY! I'll b back, but my pop-up shop won't ğŸ˜© LAST DAY to shop exclusive Oz merch TODAY! 624 George St, 10a-6p http://t.co/8DWf8Dm5Yu",,27/11/2014 23:01,5.38105E+17,en,,,15941,8051
katyperry,Gonna roll up to the carpet in dis whip http://t.co/vaEFyZs3Kf,,26/11/2014 03:57,5.37455E+17,en,,,24862,13659
katyperry,SQUAD DAYğŸš¢ğŸŒ‰ http://t.co/GRDsfIaFo6,,23/11/2014 11:12,5.36477E+17,en,,,17553,7640
katyperry,AUSSIES My 1st pop-up shop is NOW open in Melb! Exclusive merch &amp; props from Hello Katy &amp; California Dreams Tours @ 361 Little Lonsdale St!,,12/11/2014 02:21,5.32358E+17,en,,,6850,3428
katyperry,I love this! This is the approach! http://t.co/PcXVPXJMYT,,06/11/2014 23:39,5.30505E+17,en,,,6013,4166
katyperry,#TBT to when I was a sad cheeto that no one wanted to cuddle at the end of the nightğŸ™ğŸ”¥ http://t.co/nz0SPGH6UD,,06/11/2014 15:23,5.3038E+17,en,,,8578,4881
katyperry,It's only natural that I'm about to watch the film FRIDA after visiting Frida Kahlo's house today &amp; becoming completely enchanted by her...,,17/10/2014 05:19,5.2298E+17,en,,,9703,4742
katyperry,NOLA it's a full moon tonight AND I'm full of jambalaya... It's gonna be magical!,,09/10/2014 00:37,5.2001E+17,en,,,9824,4510
katyperry,"SOUTH AMERICA! I have SO much planned for you, but for now, I would like to announceâ€¦",,26/09/2014 22:34,5.15631E+17,en,,,11521,9741
katyperry,WHOAH...Lucky number 7 nominations! ğŸ˜³ I encourage everyone to vote until they get calluses comparableâ€¦ http://t.co/AbQQp0bj0X,,17/09/2014 02:23,5.12064E+17,en,,,7462,4637
katyperry,"Be a fountain, not a drain.",,12/09/2014 20:43,5.10529E+17,en,,,18951,16084
katyperry,"OMG I LEWK LIKE A PRECIOUS MOMENT ğŸ˜© â€œ@KatysFANCY: @katyperry Please notice me momma, I love u ğŸ˜˜ #THISISHOWWEDO ğŸ™Œ http://t.co/KcP9Zw2vLHâ€",,28/08/2014 19:52,5.05081E+17,en,,,11667,4934
katyperry,"Remember kids, there's a reason the word pain is in champagne ğŸ˜³",,25/08/2014 19:52,5.03993E+17,en,,,15452,8567
katyperry,Luh ya KATYCATS. We don't even need to prove. Realist.ğŸ’…,,25/08/2014 10:03,5.03845E+17,en,,,17883,12415
katyperry,It's called FASHUN â€œ@PerezHilton: @KatyPerry Is A Tacky Denim Dream With RiFF RAFF At #MTV #VMAs Video Music Awards! http://t.co/QgSWE8RmMWâ€,,25/08/2014 01:29,5.03716E+17,en,,,10649,5643
katyperry,Hi from the ğŸŸ on #theprismaticworldtour http://t.co/dzdZBD8cky,,19/08/2014 01:30,5.01542E+17,en,,,6462,3311
katyperry,YAS MY TRIBE! â€œ@onlyLeah: Hey @katyperry lookin' kinda fly n bossy... We ğŸ‘€ you! #PWTHoldinItDown #ThisIsHowWeDo ğŸ˜ http://t.co/YjAARjQBpoâ€,,17/08/2014 22:20,5.01132E+17,en,,,5939,2567
katyperry,I like to think that varicose veins are just  tiny lighting bolts of power thundering under your skinâš¡ï¸,,16/08/2014 23:04,5.0078E+17,en,,,11271,5321
katyperry,I love how diverse my audience is every night! 8 years old to 80 years old! ğŸ™Œ #blessed #ThePrismaticWorldTour,,15/08/2014 03:43,5.00126E+17,en,,,13325,5633
katyperry,"Real deal, no photoshop! ğŸ™Œ â€œ@SammBurtonn: ğŸ’… straight stuntin' #THISISHOWWEDO http://t.co/SfqC0PNclaâ€",,06/08/2014 05:17,4.96888E+17,en,,,6082,2091
katyperry,@Iickmekaty is one of the photos on a crocodile?! WUT?!,,06/08/2014 04:54,4.96882E+17,en,,,1671,930
katyperry,LA*NYC*CHICAGO*MIAMI*SAN FRAN KATYCATS: Find the snipe posters from #THISISHOWWEDO snap a selfie &amp;â€¦ http://t.co/NNQGgEVqde,,04/08/2014 21:38,4.9641E+17,en,,,4316,2284
katyperry,SORRY MOM ğŸ˜³ @GALAXYG0MEZ,,03/08/2014 00:06,4.95722E+17,en,,,5846,2546
katyperry,@karlihenriquez ğŸ’…,,25/07/2014 06:36,4.92559E+17,und,,,2199,1316
katyperry,ğŸš² Squad 2 BARCLAYS! Gonna shut it down tahnight!!!#ThisIsHowWeDo http://t.co/p2TKkE2oXd,,24/07/2014 20:40,4.92409E+17,en,,,5943,3357
katyperry,READY FOR WUT WEZ BEEN GRILLIN?!,,24/07/2014 13:57,4.92308E+17,en,,,7934,4189
katyperry,Killer pizza bruhğŸ•ğŸ”ªğŸ•ğŸ”ªğŸ•ğŸ”ª http://t.co/mUhUUn8Sm8,,22/07/2014 22:49,4.91717E+17,sv,,,8185,4547
katyperry,Twins ğŸ˜³ http://t.co/ASUkxGc2HF,,21/07/2014 00:03,4.9101E+17,en,,,6497,3614
katyperry,My favorite part of tonight was when I looked in the crowd at someone holding up a sign sayingâ€¦ http://t.co/OJ2PhUhFY2,,19/07/2014 05:09,4.90363E+17,en,,,7617,3718
katyperry,Going nutz in Toronto with @caseyhoops ğŸ‰ http://t.co/eK3tFmP0gg,,18/07/2014 21:50,4.90252E+17,en,,,5998,2991
katyperry,So proud of my international smile @miamoretti launching her line with MAC! http://t.co/NLmCK8Q43u ğŸ’„ğŸ’‹ğŸ’„ğŸ’‹,,16/07/2014 20:22,4.89505E+17,en,,,6633,3697
katyperry,"Montreal, you will be hard to beat. ğŸ™Œ",,16/07/2014 05:28,4.8928E+17,en,,,8919,4254
katyperry,Free slurpee day at 711 cause it's 7.11. Get me a suicide plrs ğŸ§ğŸ§ğŸ§ğŸ§ğŸ§,,11/07/2014 21:35,4.87712E+17,en,,,9756,4646
katyperry,Can't wait to show off my farmers tan at Madison Square garden tomorrow ğŸ˜³,,08/07/2014 19:40,4.86596E+17,en,,,10224,4488
katyperry,#RoyalRevolution http://t.co/vS5MhzV20w,,08/07/2014 00:04,4.863E+17,und,,,5541,3317
katyperry,@karlihenriquez that too,,07/07/2014 07:37,4.86051E+17,en,,,2031,1067
katyperry,Omg I have the wifi password to the Cinderella castle @WaltDisneyWorld. Dreams do come trueeee ğŸ˜©ğŸ°âœ¨,,05/07/2014 04:25,4.85278E+17,en,,,18765,7635
katyperry,#TBT me at 14 or 15 wearing a bedazzled shirt that said POPSTAR. (with chocolate in my teeth yerp) http://t.co/5kWdee77Rl,,03/07/2014 18:09,4.84761E+17,en,,,5874,3130
katyperry,My favorite part of the night was when I was singing By the Grace of God &amp; a little white feather (presumably from a costume) floated by...,,03/07/2014 06:54,4.84591E+17,en,,,12846,6631
katyperry,"Remember kids, no real life decisions should be made until mercury is out of retrograde July 1st!",,25/06/2014 20:45,4.81901E+17,en,,,10030,6686
katyperry,"I told hillaryclinton that I would write her a ""theme"" song if she needs it... ğŸ‡ºğŸ‡¸ğŸ‘©ğŸ‡ºğŸ‡¸ğŸ‘©ğŸ‡ºğŸ‡¸ http://t.co/T6ilSEDP2X",,20/06/2014 21:50,4.80105E+17,en,,,9119,5313
katyperry,@ferras Bring Adele! Cat friendly tour bb.,,20/06/2014 08:28,4.79904E+17,en,,,2610,1932
katyperry,Just saw a amazing face off between a hawk and a squirrel. Today is already the best. (both survived),,15/06/2014 21:05,4.78282E+17,en,,,8708,4073
katyperry,"Happy father's day to my amazingly weird father, thanks for passing on those genes! ğŸ˜¬",,15/06/2014 19:23,4.78257E+17,en,,,12796,6773
katyperry,GET READY TO GRAB UR POPPYCORN BB'S! ğŸ‘­ http://t.co/5ePhckiurb,,13/06/2014 00:24,4.77245E+17,en,,,6504,3682
katyperry,âœŒï¸ http://t.co/JgI5mweBxM,,11/06/2014 22:34,4.76855E+17,und,,,5431,2889
katyperry,ğŸŒ´ğŸŒµDON'T MISS OUR CRAZAY COLLAB ON CROSSROADS ON CMT 6/13ğŸŒµğŸŒ´ (also I will chill out on covers now bb's)â€¦ http://t.co/6phQVTbtVo,,01/06/2014 23:10,4.7324E+17,en,,,6520,3549
katyperry,"Woke up from my nap via bagpipe player out my window. I must be in Glasgow... 
#radio1bigweekend",,25/05/2014 13:25,4.70556E+17,en,,,10752,5038
katyperry,Down to get high for a 2nd time with u tonight #MANCHESTER ! ğŸ˜œ http://t.co/wGgmJ5vfyr,,24/05/2014 19:20,4.70283E+17,en,,,6491,3579
katyperry,Brb just going on a hike in my ashish_uk shoes 4 @topshop before the #MANCHESTER show tonight ğŸ’š http://t.co/E8NfOYoB3U,,20/05/2014 14:20,4.68758E+17,en,,,5259,2851
katyperry,My pony tail so tight I can't put my chin down ğŸ˜³ğŸ’,,17/05/2014 17:51,4.67724E+17,en,,,12772,5698
katyperry,@xokatic ğŸ˜œ,,17/05/2014 01:08,4.67472E+17,und,,,1851,987
katyperry,Goodnight: http://t.co/SGwwCiCmZh âš¡ï¸âš¡ï¸,,16/05/2014 02:14,4.67126E+17,en,,,5757,3392
katyperry,Neti potting b4 shows is like purposely inducing the traumatic childhood memory of coming up for air after a dive only 2b under a pool toy.,,13/05/2014 18:17,4.66281E+17,en,,,6653,3519
katyperry,"Also, I ğŸ™ for my children to be like dis: https://t.co/t3hv7VQiPG",,12/05/2014 01:21,4.65663E+17,en,,,26150,17166
katyperry,LONDON YOU HAVE SANDWICHES WITH NO CRUSTS EVERYWHERE MY INNER CHILD SQUEALS!,,09/05/2014 20:49,4.6487E+17,en,,,13959,6296
katyperry,3 more days till we bring some GLAMOUR by @toddthomasnyc to #ThePrismaticWorldTour ğŸ’¥ğŸŒŸ http://t.co/CR2isrYFCH,,05/05/2014 00:49,4.63118E+17,en,,,5711,3472
katyperry,Finding glitter everywhere... that means we're getting close to kick off...âœ¨âœ¨âœ¨âœ¨âœ¨,,03/05/2014 15:38,4.62617E+17,en,,,11736,6433
katyperry,"SOMEBODY HELP THEM: Teens Are So Lonely, They're Taking Cabbages On Leashes For Walks
http://t.co/HiIej4JiUp",,02/05/2014 19:15,4.62309E+17,en,,,5091,3139
katyperry,"Dear person in the gym showing off, trying to out run the treadmill. You broke the machine. This is why we can't have nice things.",,29/04/2014 14:56,4.61157E+17,en,,,16793,8805
katyperry,So. What did you think? Send me a screen shot of ur fav character or moment &amp; I'll repost bbs &amp; #MakeItLikeYourBirthday errrday,,24/04/2014 23:02,4.59467E+17,en,,,6834,3836
katyperry,ğŸˆFOR HIREğŸˆ http://t.co/GjkRPc8t7n,,23/04/2014 23:01,4.59105E+17,en,,,10677,6322
katyperry,@B96Radio you mean BIG balloons bb! ğŸˆğŸˆ,,22/04/2014 03:36,4.58449E+17,en,,,1914,1219
katyperry,I love seeing all these drunk babies waddle around in pastels #Easter,,20/04/2014 20:45,4.57983E+17,en,,,9719,4898
katyperry,"I hope the internet is ready for the onslaught of ""stoned"" easter bunny jokes tomorrow. ğŸ£ğŸ°ğŸ£ğŸ°",,20/04/2014 07:23,4.57782E+17,en,,,13114,7288
katyperry,"BB's, remember to charge your crystals under this epic full blood moon lunar eclipse!!! ğŸŒâœ¨ğŸ”®",,15/04/2014 04:19,4.55923E+17,en,,,10980,7373
katyperry,Sand is the new dry shampoo. #coachella,,13/04/2014 08:23,4.5526E+17,en,,,14597,7469
katyperry,"Filmed by the amazingly talented @AwkwardAya at the sweetest place of all, @duffscakemix! #KPBIRTHDAY",,10/04/2014 16:03,4.54289E+17,en,,,5562,3632
katyperry,"In honor of #TBT may I present the cover of my NEXXXT single, ğŸ‚ğŸˆBIRTHDAYğŸ‚ğŸˆ http://t.co/ykpqK4Xwtb",,03/04/2014 18:17,4.51786E+17,en,,,14956,9336
katyperry,SAVE THE DATE! @KaceyMusgraves &amp; I are going to be on #CMTcrossroads June 13 sangin each other's songs on @CMT! http://t.co/9R2xuV8clG,,02/04/2014 14:05,4.5136E+17,en,,,9744,5122
katyperry,"Don't put all your eggs in one basket... Unless it's Easter, bb! (from @sofifii but she's on shaBBat so no ğŸ“²)",,29/03/2014 04:25,4.49764E+17,en,,,7318,4076
katyperry,Watch me try to hv comedic timing on #krollshow TONIGHT on Comedy Central 1030pm w/@nickkroll &amp; Amy Poehler! A taste: http://t.co/gLvx0lN16O,,25/03/2014 22:48,4.48592E+17,en,,,5562,3411
katyperry,"Thanks for the love, Aussies! More prismatic pre-sale opportunities for you starting Friday! Go to http://t.co/l3WgZjvW8S  for more details!",,05/03/2014 03:52,4.41059E+17,en,,,5893,3402
katyperry,AUSTRALIA Pre-sale starts right NOW! http://t.co/rImzfAVT8p #PRISMATICWORLDTOUR,,04/03/2014 22:00,4.4097E+17,en,,,4674,2617
katyperry,SURPRISE AUSTRALIA! I just decided to pop by &amp; crash @sunriseon7 LIVE tomorrow morning @ 730am! Come hang w/me in the Plaza! BRING COFFEE â˜•ï¸,,04/03/2014 07:54,4.40757E+17,en,,,6930,3951
katyperry,To whomever is doing marketing for the new movie Noah: LA rain during Oscar weekend is the most incredible promo I've ever seen! â˜”ï¸,,01/03/2014 04:45,4.39622E+17,en,,,10741,5761
katyperry,The bad news: there is no key to the universe. The good news: it was never locked.,,28/02/2014 17:00,4.39445E+17,en,,,20259,18758
katyperry,"So far, my favorite. Also my worst nightmare. â€œ@KatyCats4Ever: lmao RT â€œ@katysconverrse: @katyperry #DARKHORSECAM http://t.co/JsSmhznHBXâ€â€",,14/02/2014 23:06,4.34464E+17,en,,,4251,1954
katyperry,"Would you like to be a Queen, too? Play w/ the DH Music Video BEFORE it comes out! Download #DarkHorseCam (IOS only): http://t.co/H5x5wzDG7k",,14/02/2014 22:11,4.3445E+17,en,,,3722,2611
katyperry,"Oh yeah AND we grew to 50 million Katycats! Eh, regular day at the office.  ğŸ™Œ",,01/02/2014 09:31,4.29547E+17,en,,,21386,16019
katyperry,"In other non related Bieber news, a spectacular BOOK (these things have more than 140 characters) is coming out SOON: http://t.co/WL2WzvsB6O",,23/01/2014 23:05,4.26491E+17,en,,,5705,3747
katyperry,SAN JOSE! Second show added Sept. 23! http://t.co/BhJi1TFnIf,,23/01/2014 18:36,4.26423E+17,en,,,2814,1807
katyperry,CHI-TOWN! Second show August 8! Password RAINBOW http://t.co/OSkYD5oyWv,,23/01/2014 16:12,4.26387E+17,en,,,2718,1751
katyperry,DONT MISS IT ğŸ‘Š,,22/01/2014 21:37,4.26106E+17,en,,,6327,4884
katyperry,"Guys! Show me your #PrismaticCity &amp; you could be in my upcoming tour announcement video, coming soâ€¦ http://t.co/A3PD4UP7q7",,08/01/2014 19:03,4.20994E+17,en,,,5541,4520
katyperry,ATTENTION: THIS EXISTS! ğŸ´ğŸ´ğŸ´ http://t.co/T58B9YFumn,,11/12/2013 23:04,4.10908E+17,en,,,13627,7963
katyperry,.@SaraBareilles congrats lady! Who woulda thought hotel cafe would produce 2 little Grammy nomers. ğŸ™Œ #albumoftheyear,,07/12/2013 14:46,4.09333E+17,en,,,5951,3734
katyperry,"Olivia Wise, I can hear you singing with the angels now. Your spirit &amp; strength has inspired me &amp; so many others... May you rest in peace.",,26/11/2013 06:01,4.05215E+17,en,,,8816,7802
katyperry,Ho Ho Ho! The holidays are upon us! Watch this #KillerQueen ask Santa what she wants for Christmas! http://t.co/MlzcfFsCF5 What do YOU want?,,25/11/2013 18:44,4.05044E+17,en,,,4797,4318
katyperry,A ğŸŒ¸clueğŸŒ¸ to the theme of my AMA performance this evening! I will be OPENING the show &amp; taking you on a trip!!! http://t.co/axoV5COKZV,,24/11/2013 21:37,4.04725E+17,en,,,26457,14080
katyperry,Get tickets first HERE! http://t.co/EO2zDnwKvs #THEPRISMATICWORLDTOUR,,20/11/2013 09:01,4.03086E+17,en,,,3934,3197
katyperry,GUESS WHAT?,,17/11/2013 08:54,4.01997E+17,en,,,6156,4686
katyperry,Who's ready for a sneak peak of the #UNCONDITIONALLY video?!,,14/11/2013 19:27,4.01069E+17,en,,,7697,5542
katyperry,"THE SHOW IS ABOUT TO START!!! TURN ON THE TEEVEE, GET THE POPCORN OUT, HOLD ON TO YOUR WEAVES KIDS! #MTVEMA",,10/11/2013 19:58,3.99627E+17,en,,,10136,9176
katyperry,"ğŸ‡¬ğŸ‡§LondonğŸ‡¬ğŸ‡§ I'm coming back for you DECEMBER 7th to play a show &amp; see one of my favorite new groups @disclosure 
http://t.co/cljNBncKmV COME!",,07/11/2013 15:05,3.98466E+17,en,,,5570,4524
katyperry,"Big HAPPY BIRTHDAY to my soul sister RIVKA @sofifii follow her, cause she's basically a mind reader when it comes to tweeting. ğŸ‚ğŸ‚ğŸ‚",,31/10/2013 02:45,3.95743E+17,en,,,4114,3283
katyperry,For that I say THANK YOU. I hope you are enjoying all the colors #PRISM has to offer. I promise to continue to give back...Tour next year...,,31/10/2013 01:34,3.95725E+17,en,,,7665,7015
katyperry,@AUBREYPlZZA I was trying to be a human tho! ğŸ˜©,,27/10/2013 11:03,3.94419E+17,en,,,1074,938
katyperry,Remember tonight's #WECANSURVIVE show @TheHollywoodBowl STARTS at 7:30pm with @BonnieMcKee kicking the evening off! Don't miss these ladies!,,23/10/2013 23:21,3.93155E+17,en,,,2389,2559
katyperry,@yelyahwilliams ur like soy qewt 2 say dat. ğŸ˜˜,,23/10/2013 06:06,3.92895E+17,en,,,2340,2285
katyperry,@shayoch9 Omg you're a little qewty!,,22/10/2013 18:55,3.92726E+17,en,,,729,536
katyperry,@theprismcess I was influenced to write it after discovering a bunch of people roller skating to deep house in Central Park this summer!,,22/10/2013 05:14,3.92519E+17,en,,,870,673
katyperry,"@katyskettle Unconditionally, of course!",,22/10/2013 05:05,3.92517E+17,en,,,2104,2010
katyperry,"@pendejabardera self reflection, love &amp; light...",,22/10/2013 04:37,3.9251E+17,en,,,871,728
katyperry,"@ismaellgarcia acceptance is the key to be, to be truly free. #letthelightin",,22/10/2013 04:33,3.92509E+17,en,,,1518,1380
katyperry,ğŸ˜˜ â€œ@r0ckmekaty: #PRISM is #1 on iTunes in Brazil mom!!! @katyperry so proud of u and i love u so muchâ€,,22/10/2013 00:00,3.9244E+17,en,,,1323,1621
katyperry,"...Phillipines, Poland, Portugal, Singapore, Taiwan and UK! #PRISM",,21/10/2013 13:24,3.9228E+17,en,,,6702,7594
katyperry,THREE MORE DAYS TILL #PRISM http://t.co/sqdX3h6BsH,,19/10/2013 23:31,3.91708E+17,en,,,3171,4048
katyperry,@Legend__DARY don't hate yourself. Love yourself. You were doing good! ğŸ˜˜,,18/10/2013 01:21,3.91011E+17,en,,,885,847
katyperry,"ğŸŒˆğŸŒˆ â€œ@KatyAndLiam: CAUSE I UNDERSTAND YOU, EYE TO EYE!!!! @katyperry #PRISMâ€",,18/10/2013 01:17,3.9101E+17,en,,,1186,1266
katyperry,THANK YOU â€œ@babybritney: @katyperry LEGENDARY LOVERS IS UNBELIEVABLE I CAN NOT STOP PLAYING IT.â€,,18/10/2013 00:25,3.90997E+17,en,,,1105,1239
katyperry,...I've made PRISM available to stream here until it goes world wide on TUESDAY: http://t.co/rFjm2s99xp,,17/10/2013 22:45,3.90972E+17,en,,,2500,2758
katyperry,ğŸ‘€ â€œ@KayZ_Perry: @katyperry eye c u trolling.â€,,15/10/2013 12:44,3.90096E+17,en,,,1046,1192
katyperry,"Thank you for sending in almost 1000 videos! I laughed, I cried, I am encouraged by the school spirit that still exists! #ROAR ON! #GMA",,11/10/2013 16:00,3.88696E+17,en,,,3189,3615
katyperry,"Love all the love for the first finalist of my #ROAR #GMA competition, Verrado High: http://t.co/wObCXunV5Q",,08/10/2013 20:59,3.87684E+17,en,,,3594,4259
katyperry,"Check out one of my BEST girlies, @Sia's NEW song she did with @diplo ELASTIC HEART: https://t.co/tmTTqkYpR7",,03/10/2013 20:40,3.85867E+17,en,,,2386,2943
katyperry,"Aw, thanks for the love, Londontown! More #PRISM to come... PREORDER NOW! http://t.co/onVIBqTLzf #KatyiTunesFestival",,30/09/2013 23:11,3.84818E+17,en,,,2259,2893
katyperry,IT'S ALL HAPPENING NOW! #KatyiTunesFestival http://t.co/2v07yZNLiT,,30/09/2013 20:27,3.84777E+17,en,,,2505,3418
katyperry,I CAN HEAR YOU ROARING NSHS! ğŸ¯ @emilynowak13: #NSHSRoar doesn't need sleep #upallnightforkaty http://t.co/uQ6nlr5W5M @katyperry,,30/09/2013 01:15,3.84487E+17,en,,,1255,1576
katyperry,I â¤ï¸ this song @hernameisbanks: http://t.co/OjQ0aTS5GU,,26/09/2013 21:53,3.83349E+17,en,,,2748,2852
katyperry,Have the ROARING spirit?! U still have 6 days to enter the #GMA ROAR contest for me to come play YOUR high school: http://t.co/TRDiZlj8Yu,,25/09/2013 15:50,3.82895E+17,en,,,2640,3339
katyperry,...and MYSELF! I will be playing new PRISM songs! YAY! Go to @radiodotcom for info about tickets: http://t.co/H8itIaJjrE,,23/09/2013 19:29,3.82225E+17,en,,,2185,2674
katyperry,Welcome bb. â€œ@AvonTBH: I think I've turned into a #KatyCat omfgâ€,,23/09/2013 04:57,3.82006E+17,en,,,1410,1812
katyperry,ğŸ‘€ â€œ@aylajaye: WHAT THE HELL WHY DOESN'T KATY EVER TWEET ME BACK I AM TRYING SO HARD @katyperry PLS ILOVEU http://t.co/U6ItCbDnEbâ€,,17/09/2013 05:23,3.79838E+17,en,,,4544,2571
katyperry,CHECKING WITH @iTunesMusic TECH NOW. Hold your horses (hehehe) We'll be back in the next 5.,,17/09/2013 04:05,3.79818E+17,en,,,2163,2584
katyperry,Ah you're a good little Sherlock... â€œ@KyleK551: @katyperry I know what your up to miss sneaky!! http://t.co/Q2Z3ZjsUPqâ€,,15/09/2013 05:33,3.79116E+17,en,,,6393,4295
katyperry,WANT ME TO COME PUT ON A ROARING SHOW FOR U &amp; UR SCHOOL ON MY BIRTHDAY OCT 25TH? WELL I WANNA SEE UR VIDEOS THEN http://t.co/uqBcadEX3h #GMA,,13/09/2013 19:43,3.78605E+17,en,,,2685,3226
katyperry,ğŸ‘½ğŸ‘½ğŸ‘½ â€œ@AZEALIABANKS: My fave conspiracy theory is the one about the Annunaki and the creation of Humans.â€,,07/09/2013 18:50,3.76417E+17,en,,,1600,1985
katyperry,"ATTN UK! I'm letting #ROAR out a week early. Go here to pre-order now, &amp; you get the song THIS SUNDAY, September 1! http://t.co/5zXmquC2fW",,30/08/2013 07:41,3.7335E+17,en,,,2236,2940
katyperry,You know the bruised banana made it in the trash can right? @shannonwoodward,,27/08/2013 23:39,3.72504E+17,en,,,2072,2391
katyperry,"If you didn't get a chance to @Shazam last night's #VMAs, you can now get a sneak peek at the #ROARVIDEO here: http://t.co/fy4lq8sFU4",,26/08/2013 18:13,3.72059E+17,en,,,2547,3156
katyperry,Yassss gurrrl roaring for life! â€œ@Oprah: .@katyperry Hearing you Roar! #MTVVMAsâ€,,26/08/2013 04:00,3.71845E+17,en,,,3748,3246
katyperry,Just finished rehearsals in my #ROAR Industries sweats... Gonna grab a meditate to get in the zone!!! http://t.co/nQE6LUQyVl,,25/08/2013 20:26,3.7173E+17,en,,,5919,4854
katyperry,â¤ @iGabriieL: @katyperry I just need to Katheryn RT for me and i to be the World's Happiest! Venezuela loves u!! ğŸ’›ğŸ’™â¤ http://t.co/Qyzi7bS3Xq,,25/08/2013 05:13,3.71501E+17,en,,,1617,1147
katyperry,PLUG IN UR PHONE 16%!!! â€œ@katyperryfan_10: @katyperry the moment we all have been waiting for! #ROAR #PRISM http://t.co/NVA0EDyZ68â€,,25/08/2013 05:12,3.715E+17,en,,,1863,1266
katyperry,Mom sees all ğŸ‘€ â€œ@katyshomie_: WHY DO YOU ALWAYS FOLLOW ME EVERYWHERE I GO @katyperry http://t.co/7KOF2grzHaâ€,,24/08/2013 00:25,3.71066E+17,en,,,2405,1936
katyperry,So I see you are teaching it kitty to #ROAR! Well done! â€œ@nenedez: @katyperry ğŸ‘€ğŸ¯ #KATYNOW http://t.co/0279XcScCeâ€,,20/08/2013 20:09,3.69914E+17,en,,,3052,2464
katyperry,Def so. â€œ@AndyAmaziing: @katyperry new song Roar has been stuck in my head for much longer then 24 hours. Must be because I'm a champion ;)â€,,19/08/2013 06:52,3.69351E+17,en,,,1181,1250
katyperry,"Cause of y'all! â€œ@roarsana: ğŸ‘»ğŸ¯ğŸ‘»ğŸ¯ğŸ‘»ğŸ¯ğŸ‘»ğŸ¯ğŸ‘»
ğŸ¯ roar is the best 2013 ğŸ¯
ğŸ‘» debut song on itunesğŸ‘»
ğŸ¯ğŸ‘»ğŸ¯ğŸ‘»ğŸ¯ğŸ‘»ğŸ¯ğŸ‘»ğŸ¯
@katyperry :pâ€",,18/08/2013 02:03,3.68916E+17,en,,,3003,3080
katyperry,"Disturbing and I like it. â€œ@brighthudson: @fixingperry: ""@katyperry ROOOOOOOOOOOOOAR!!! ğŸ¯ğŸ¯ http://t.co/gcaG3FIbLS"" 103â€",,18/08/2013 02:01,3.68916E+17,en,,,4551,3800
katyperry,Hope this tweet helps! @kasek_craig: Def hard for a guy to say but watched part of me &amp; damn its really good! B watching it again!@katyperry,,15/08/2013 21:11,3.68118E+17,en,,,1042,1137
katyperry,Ahahaha â€œ@ItsBennyBlanco: I wish I was as cool as @lordemusic when I was 16. I was eating gerber graduates and pooping my pantsâ€,,15/08/2013 17:23,3.6806E+17,en,,,1251,1330
katyperry,Woman of my word! â€œ@KatyCompletesMe: OH MY GOD @KATYPERRY FINALLY CHANGED HER HEADER! She told me everything would change :)â€,,12/08/2013 18:18,3.66987E+17,en,,,1294,1436
katyperry,ğŸ’°â€œ@KatyCatNick: @katyperry I'm officially poor thanks to #ROARâ€,,12/08/2013 04:22,3.66777E+17,en,,,814,943
katyperry,I love your timing. ğŸ‘ŠğŸ¯â€œ@cricks56: @katyperry I downloaded it at 9:00 exactly! I love youâ€,,12/08/2013 04:05,3.66773E+17,en,,,841,917
katyperry,10 HOURS TO GO: Looks like there's a tiger on the loose!!! Make sure you catch it @iTunesMusic at midnight EDT TONIGHT! #ROAR ğŸ¯RT!,,11/08/2013 18:00,3.6662E+17,en,,,2619,4163
katyperry,You saw her last!!! @ttish_: Katy Perry's truck was in Niagara Falls today!!!!:D that's awesome!!! http://t.co/TIXm4AibD6,,10/08/2013 02:13,3.66019E+17,en,,,2382,2320
katyperry,Lets remember her as she once was with some RT's!!! #PRISM semi!!!,,10/08/2013 02:11,3.66019E+17,en,,,1801,3176
katyperry,Pssst: The #PRISM truck will be at the biggest waterfall in the USA at 8am! You know the one! ğŸ˜˜,,09/08/2013 08:23,3.6575E+17,en,,,2411,2986
katyperry,"I dunno, you tell me â€œ@ThinkingOfKaty_: What's inside the truck Kate?@katyperryâ€",,30/07/2013 02:04,3.62031E+17,en,,,1548,1989
katyperry,Zoom zoom. â€œ@FRANCFERNANDEZ: Photo: HERE SHE IS! http://t.co/hR7YPeI0adâ€,,30/07/2013 00:40,3.6201E+17,en,,,1252,1627
katyperry,Question: if you make a wish on an eyelash... extension... is it still valid?,,25/06/2013 17:37,3.49582E+17,en,,,6401,7464
katyperry,I knew you were truffle when you walked in #dinnertime,,23/05/2013 03:46,3.37414E+17,en,,,17245,24183
katyperry,Sup? http://t.co/U3KmFZyeyr,,28/04/2013 22:53,3.28643E+17,und,,,7719,6380
katyperry,OHHEMMMGEE GET ME STRAIGHT TO THE CINEMA FOR LIL' BUB &amp; FRIENDS: http://t.co/uj85bcJSHP,,27/04/2013 14:51,3.28159E+17,en,,,2017,2850
katyperry,Katy had a little lamb &amp; that little lamb had quite the attitude! http://t.co/8Z1iKHli0z,,26/04/2013 02:19,3.27608E+17,en,,,2013,2878
katyperry,"I'm not gonna lie, I feel very vulnerable after a nap.",,25/04/2013 19:43,3.27508E+17,en,,,4195,7256
katyperry,"Production value has really gone up at Coochella, it felt like R Kelly was really there! #rkellyhologram",,14/04/2013 08:23,3.23351E+17,en,,,2328,3309
katyperry,Perfectly put for my homies! By BOY: http://t.co/QVqh8eFQO4,,12/04/2013 21:07,3.22818E+17,en,,,1519,2385
katyperry,One of the most bad ass music videos I've seen in a long time! Elliphant's Down On Life: http://t.co/JD7MBYhzwv,,10/04/2013 05:04,3.21851E+17,en,,,1965,2619
katyperry,"I can't recommend the new Rhye record ""Woman"" more for a tropical drive with the windows down... Perfect soundtrack. ğŸŒ´â˜€ğŸš™",,05/04/2013 08:19,3.20088E+17,en,,,2564,3761
katyperry,"Perfectly put, by Tegan and Sara: https://t.co/QyrYM2etsh",,29/03/2013 17:33,3.17691E+17,en,,,1887,2782
katyperry,Zooohmigawd! The Britney Spears sequence in Spring Breakers! ğŸ‘™ğŸ’„ğŸ’…ğŸ’‹ğŸ„ğŸš¬ğŸ’ŠğŸ¸ğŸ»ğŸ±ğŸ”«ğŸ’˜ğŸ“ğŸ­ğŸ©ğŸŸğŸ”ğŸ•,,18/03/2013 07:22,3.13551E+17,en,,,5026,7862
katyperry,Oy! Do me a favor &amp; check out my friend @jonlovett's new show 1600 Penn tonight at 9:30 on NBC because it's... funny! WHY ELSE?!,,22/02/2013 00:41,3.04753E+17,en,,,1912,3163
katyperry,"Who's ready to vote tomorrow? I've got my outfit laid out! Send me a photo of your outfit when you're at the polls, and I'll RT my faves!",,05/11/2012 21:26,2.65566E+17,en,,,1643,2908
katyperry,I'm excited to bring a special performance to Dubai on December 8th! Get your tickets here: http://t.co/O2ZZW9iH,,29/10/2012 08:38,2.62836E+17,en,,,1438,2933
katyperry,Thanks darlin' RT @frank_ocean: @katyperry happy birthday lil mama,,21/10/2012 06:31,2.59905E+17,en,,,1819,2933
katyperry,"Last night I saw The Black Keys, tonight I saw Bieber. I think my musical week is complete.",,04/10/2012 06:05,2.53738E+17,en,,,10683,24988
katyperry,RT @SarahKSilverman: A bull in pretty much any shop is gonna be a mess,,16/09/2012 02:30,2.47161E+17,en,,,855,1728
katyperry,Earthquake! #latetweet,,07/09/2012 22:43,2.44204E+17,en,,,2093,3712
katyperry,"THE COUNTDOWN BEGINS! 17 DAYS TILL YOU CAN OWN A ""PART OF ME"" http://t.co/Y4FKMLSs",,01/09/2012 20:10,2.41991E+17,en,,,1883,3652
katyperry,A little birdie dropped this on me today: Coincidences are God's way of staying anonymous... Sneaky!,,28/08/2012 01:12,2.40256E+17,en,,,3532,7195
